assemblage_id,group_label,selector,method,role,n_sampled_stations,n_positive_stations,prevalence,total_abundance,n_rtu,n_species,n_genera,n_families,share_species_abundance,share_genus_abundance,share_family_or_coarser_abundance,juvenile_share,stage_scenario_candidate,family_coarsening_applicable,analysis_flag
collembola_soil_core,Collembola,order = Collembola,soil-core,primary,68,68,1,3055,69,51,46,16,0.7671232876712328,0.22439660795825178,0.008480104370515329,0,FALSE,TRUE,main_analysis_candidate
araneae_pitfall,Araneae,order = Araneae,pitfall-trap,primary,67,66,0.9850746268656716,8929,269,222,116,27,0.8399776035834267,0.129003359462486,0.031019036954087347,0.08331466965285554,TRUE,TRUE,main_analysis_candidate
carabidae_pitfall,Carabidae,family = Carabidae,pitfall-trap,primary,67,63,0.9402985074626866,9181,135,131,43,1,0.9970591438841084,0.0023962531314671606,5.446029844243547e-4,5.446029844243547e-4,FALSE,FALSE,main_analysis_candidate
formicidae_pitfall,Formicidae,family = Formicidae,pitfall-trap,primary,67,60,0.8955223880597015,10354,56,46,18,1,0.6776125169016806,0.32209774000386326,2.897430944562488e-4,0,FALSE,FALSE,main_analysis_candidate
diplopoda_hand_sorting,Diplopoda,class = Diplopoda,hand-sorting,secondary,69,37,0.5362318840579711,298,36,25,19,9,0.8305647840531561,0.07641196013289037,0.09302325581395349,0.19933554817275748,TRUE,TRUE,secondary_or_sensitivity_candidate
isopoda_hand_sorting,Isopoda,order = Isopoda,hand-sorting,secondary,69,31,0.4492753623188406,379,19,17,11,7,0.9155672823218998,0.08443271767810026,0,0,FALSE,TRUE,secondary_or_sensitivity_candidate
diplopoda_pitfall,Diplopoda,class = Diplopoda,pitfall-trap,secondary,67,33,0.4925373134328358,234,24,17,11,5,0.5042372881355932,0.4745762711864407,0.0211864406779661,0.3983050847457627,TRUE,TRUE,secondary_or_sensitivity_candidate
isopoda_pitfall,Isopoda,order = Isopoda,pitfall-trap,secondary,67,39,0.582089552238806,867,23,18,10,7,0.9734717416378316,0.0196078431372549,0.006920415224913495,0,FALSE,TRUE,main_analysis_candidate
